{"cameraMode":{"drawMode":0,"name":"Shaded","section":"Shading Mode"},"sceneLighting":true,"audioPlay":false,"sceneViewState":{"m_AlwaysRefresh":false,"showFog":true,"showSkybox":true,"showFlares":true,"showImageEffects":true,"showParticleSystems":true,"showVisualEffectGraphs":true,"m_FxEnabled":true},"in2DMode":false,"pivot":{"x":1.899624228477478,"y":3.6882236003875734,"z":17.064910888671876},"rotation":{"x":-0.005993352737277746,"y":0.05097748339176178,"z":0.00030981775489635766,"w":0.998690128326416},"size":10.009323120117188,"orthographic":false}