{"cameraMode":{"drawMode":0,"name":"Shaded","section":"Shading Mode"},"sceneLighting":true,"audioPlay":false,"sceneViewState":{"m_AlwaysRefresh":false,"showFog":true,"showSkybox":true,"showFlares":true,"showImageEffects":true,"showParticleSystems":true,"showVisualEffectGraphs":true,"m_FxEnabled":true},"in2DMode":false,"pivot":{"x":-1.0413401126861573,"y":-5.747498035430908,"z":7.111321449279785},"rotation":{"x":-0.29431232810020449,"y":-0.020930616185069085,"z":0.006446917075663805,"w":-0.955459475517273},"size":12.891281127929688,"orthographic":false}