{"cameraMode":{"drawMode":0,"name":"Shaded","section":"Shading Mode"},"sceneLighting":true,"audioPlay":false,"sceneViewState":{"m_AlwaysRefresh":false,"showFog":true,"showSkybox":true,"showFlares":true,"showImageEffects":true,"showParticleSystems":true,"showVisualEffectGraphs":true,"m_FxEnabled":true},"in2DMode":false,"pivot":{"x":1.261731743812561,"y":-0.36677756905555727,"z":13.954767227172852},"rotation":{"x":-0.29080963134765627,"y":-0.31772395968437197,"z":0.1025996208190918,"w":-0.8965113759040833},"size":7.126564979553223,"orthographic":false}